{
  "variance_threshold": 0.0005,
  "kept_features": [
    "CF",
    "ME_dollars",
    "CF2P",
    "A2ME",
    "C",
    "STRev",
    "NOA",
    "E2P",
    "Lev",
    "BEME",
    "PROF",
    "LME",
    "Q",
    "CTO",
    "ATO",
    "NI",
    "RNA",
    "D2P",
    "r2_1",
    "Investment",
    "S2P",
    "FC2Y",
    "PCM",
    "PM",
    "D2A",
    "r12_7",
    "r12_2",
    "OA",
    "AC",
    "r36_13"
  ],
  "dropped_features": [
    "DPI2A",
    "Lturnover"
  ],
  "variances": {
    "CF": 0.132288858294487,
    "ME_dollars": 4.962244806047024e+20,
    "CF2P": 0.026957234367728233,
    "A2ME": 3.230138063430786,
    "C": 0.02230783738195896,
    "STRev": 0.008866114541888237,
    "NOA": 0.04391218721866608,
    "E2P": 0.03355814516544342,
    "Lev": 0.04424828663468361,
    "BEME": 0.3463290333747864,
    "PROF": 0.6816532015800476,
    "LME": 489307392.0,
    "Q": 4.6932268142700195,
    "CTO": 0.3978961706161499,
    "ATO": 12.081140518188477,
    "NI": 0.0006423592567443848,
    "RNA": 1.1077240705490112,
    "D2P": 0.0006284024566411972,
    "r2_1": 0.01834670454263687,
    "Investment": 0.0024194985162466764,
    "S2P": 5.098047256469727,
    "FC2Y": 0.1147412434220314,
    "PCM": 0.135696142911911,
    "PM": 0.11596406251192093,
    "D2A": 0.0006083439220674336,
    "r12_7": 0.06441684067249298,
    "r12_2": 0.1413445621728897,
    "OA": 0.0010422642808407545,
    "AC": 0.0015180628979578614,
    "r36_13": 0.5700356364250183
  }
}