{
  "train_loss": [
    0.1585116957532429,
    0.055385818157940546,
    0.03929807909082303,
    0.03324716620936602,
    0.03056454164111038,
    0.029185256037902656,
    0.028309467584448675,
    0.02774638098190265,
    0.02736651806375462,
    0.0271284381848618,
    0.02697949738113632,
    0.026883627838527845,
    0.026829400120586933,
    0.026808352486600885,
    0.026785380584378224,
    0.02676400701172622,
    0.026750139860941796,
    0.026731813693467568,
    0.026709326847584494,
    0.026700879772605726,
    0.026688493632444882,
    0.02667925995688013,
    0.026672005203299806,
    0.026644108747738003,
    0.02662861486723764,
    0.026617807976652256
  ],
  "val_mse": [
    0.02274183704318384,
    0.019634707724784765,
    0.019216085613238055,
    0.019000548283302814,
    0.018777981784264396,
    0.018545380673084578,
    0.018348126456718676,
    0.01818448160519079,
    0.018085119646427953,
    0.018031579963287216,
    0.018016717177725614,
    0.01799872441466473,
    0.01799242552774252,
    0.01799165729558649,
    0.01797993478395653,
    0.017988560260124464,
    0.017984856548767313,
    0.017977325342081234,
    0.01799884535098559,
    0.01798849155645472,
    0.017967618950932282,
    0.017973202478954137,
    0.017978926060900728,
    0.017981526842924648,
    0.017968190358507188,
    0.017973192399953247
  ],
  "val_r2": [
    -0.262524523541799,
    -0.09003067641565887,
    -0.06679065930881833,
    -0.0548249960132261,
    -0.04246910485890676,
    -0.029556137163730734,
    -0.018605470115106826,
    -0.009520643862372724,
    -0.004004514738457976,
    -0.001032232296213742,
    -0.00020711727916222777,
    0.000791760013270304,
    0.0011414458893588275,
    0.0011840946839536404,
    0.0018348758140014354,
    0.0013560281655655704,
    0.0015616415646786397,
    0.001979740292366472,
    0.0007850461725817937,
    0.001359842284352153,
    0.002518595479718555,
    0.002208623112838537,
    0.001890875581873952,
    0.0017464918595146983,
    0.0024868735007560483,
    0.002209182653643338
  ]
}